<application>
  <component name="FeatureSuggesterSettings">
    <option name="workingDays">
      <list>
        <option value="1674718213103" />
        <option value="1675062759290" />
        <option value="1675323579908" />
        <option value="1675843578686" />
        <option value="1675926560240" />
        <option value="1676271935291" />
        <option value="1676445924866" />
        <option value="1676532145659" />
        <option value="1677834222969" />
        <option value="1678193651038" />
        <option value="1678259211672" />
        <option value="1678875206456" />
        <option value="1678955927047" />
      </list>
    </option>
  </component>
</application>